{"skeleton":{"hash":"/5WtB8EVaSE","spine":"4.2.43","x":-1024.5,"y":-219.49,"width":2221.42,"height":709.55,"images":"./images/","audio":"C:/Users/rkawk/OneDrive/바탕 화면/네오/Back/Hiphop_Bridge"},"bones":[{"name":"root"},{"name":"Speaker_F_L","parent":"root","x":875.45,"y":71.97},{"name":"Speaker_F_R","parent":"root","x":-830.85,"y":88.96}],"slots":[{"name":"Speaker_F_L","bone":"Speaker_F_L","attachment":"Speaker_F_L"},{"name":"Speaker_F_R","bone":"Speaker_F_R","attachment":"Speaker_F_R"}],"skins":[{"name":"default","attachments":{"Speaker_F_L":{"Speaker_F_L":{"x":33.47,"y":63.04,"width":576,"height":709}},"Speaker_F_R":{"Speaker_F_R":{"x":55.35,"y":94.6,"width":498,"height":613}}}}],"animations":{"Speaker_F":{"bones":{"Speaker_F_R":{"scale":[{},{"time":0.2667,"x":1.005,"y":0.995},{"time":0.3333,"x":0.995,"y":1.005},{"time":0.6667}]},"Speaker_F_L":{"scale":[{},{"time":0.2667,"x":1.005,"y":0.995},{"time":0.3333,"x":0.995,"y":1.005},{"time":0.6667}]}}}}}