{"skeleton":{"hash":"wsY5d9iOXvQ","spine":"4.2.43","x":-994,"y":22,"width":1988,"height":1116,"images":"./images/","audio":"C:/Users/rkawk/OneDrive/바탕 화면/네오/Back/Hiphop_Subway"},"bones":[{"name":"root"},{"name":"Object_Shadow","parent":"root","y":580,"scaleX":2,"scaleY":2}],"slots":[{"name":"Object_Shadow","bone":"Object_Shadow","attachment":"Object_Shadow","blend":"multiply"}],"skins":[{"name":"default","attachments":{"Object_Shadow":{"Object_Shadow":{"width":994,"height":558}}}}],"animations":{"Object_Shadow":{"slots":{"Object_Shadow":{"rgba":[{"color":"ffffffff"}]}}}}}