{"skeleton":{"hash":"Zwn627jV+s4","spine":"4.2.43","x":-127,"y":4,"width":196,"height":277.31,"images":"./images/","audio":"./audio"},"bones":[{"name":"root"},{"name":"trash2","parent":"root","x":-0.38,"y":23.84},{"name":"fly2","parent":"root","x":38.03,"y":262.47},{"name":"fly1","parent":"root","x":-16.33,"y":274.46}],"slots":[{"name":"fly1","bone":"fly1","attachment":"fly1"},{"name":"fly2","bone":"fly2","attachment":"fly2"},{"name":"trash2","bone":"trash2","attachment":"trash2"}],"skins":[{"name":"default","attachments":{"fly1":{"fly1":{"x":-2.41,"y":0.85,"width":14,"height":12}},"fly2":{"fly2":{"x":-0.29,"y":0.12,"width":16,"height":11}},"trash2":{"trash2":{"x":-28.62,"y":96.16,"width":196,"height":232}}}}],"animations":{"Trash2":{"bones":{"fly1":{"translate":[{},{"time":0.8333,"x":29.24,"y":14.69},{"time":1.6667,"x":57.01,"y":-13.17},{"time":2.5,"x":26.96,"y":-17.04},{"time":3.3333}],"scale":[{},{"time":0.8333,"x":0.817,"y":0.817},{"time":1.6667},{"time":2.5,"x":1.219,"y":1.219},{"time":3.3333}]},"fly2":{"translate":[{},{"time":0.8333,"x":-33.81,"y":-4.28},{"time":1.6667,"x":-64.84,"y":17.33},{"time":2.5,"x":-30.71,"y":24.79},{"time":3.3333}],"scale":[{},{"time":0.8333,"x":1.205,"y":1.205},{"time":1.6667},{"time":2.5,"x":0.793,"y":0.793},{"time":3.3333}]}}}}}