{ "skeleton": { "images": "C:/Users/rkawk/OneDrive/바탕 화면/네오/Back/Hiphop_Subway/images/" },
"PhotoshopToSpine": { "scale": 1, "padding": 1, "trim": true },
"bones": [
	{ "name": "root" }
],
"slots": [
	{ "name": "Back", "bone": "root", "attachment": "Back" },
	{ "name": "Subway", "bone": "root", "attachment": "Subway" },
	{ "name": "Floor", "bone": "root", "attachment": "Floor" },
	{ "name": "Speaker_L_B", "bone": "root", "attachment": "Speaker_L_B" },
	{ "name": "Object", "bone": "root", "attachment": "Object" },
	{ "name": "Speaker_R_Y", "bone": "root", "attachment": "Speaker_R_Y" },
	{ "name": "Speaker_R_G", "bone": "root", "attachment": "Speaker_R_G" },
	{ "name": "Speaker_L_O", "bone": "root", "attachment": "Speaker_L_O" },
	{ "name": "Paint_Can", "bone": "root", "attachment": "Paint_Can" },
	{ "name": "Paint", "bone": "root", "attachment": "Paint" },
	{ "name": "Front", "bone": "root", "attachment": "Front" },
	{ "name": "Cable", "bone": "root", "attachment": "Cable" },
	{ "name": "Light", "bone": "root", "attachment": "Light" },
	{ "name": "All_Shadow", "bone": "root", "attachment": "All_Shadow", "blend": "multiply" }
],
"skins": {
	"default": {
		"Back": {
			"Back": { "x": 960, "y": -399, "width": 1922, "height": 800 }
		},
		"Subway": {
			"Subway": { "x": 766, "y": -209.5, "width": 1502, "height": 169 }
		},
		"Floor": {
			"Floor": { "x": 1019.5, "y": -529.5, "width": 2041, "height": 1159 }
		},
		"Speaker_L_B": {
			"Speaker_L_B": { "x": 1515.5, "y": -303.5, "width": 217, "height": 129 }
		},
		"Object": {
			"Object": { "x": 929, "y": -554, "width": 1984, "height": 1110 }
		},
		"Speaker_R_Y": {
			"Speaker_R_Y": { "x": 211.5, "y": -293, "width": 425, "height": 288 }
		},
		"Speaker_R_G": {
			"Speaker_R_G": { "x": 148, "y": -425, "width": 298, "height": 542 }
		},
		"Speaker_L_O": {
			"Speaker_L_O": { "x": 1792.5, "y": -484, "width": 257, "height": 396 }
		},
		"Paint_Can": {
			"Paint_Can": { "x": 787.5, "y": -598.5, "width": 1577, "height": 679 }
		},
		"Paint": {
			"Paint": { "x": 855.5, "y": -588, "width": 1713, "height": 932 }
		},
		"Front": {
			"Front": { "x": 962.5, "y": -1016.5, "width": 2045, "height": 327 }
		},
		"Cable": {
			"Cable": { "x": 1025, "y": -28.5, "width": 2172, "height": 261 }
		},
		"Light": {
			"Light": { "x": 1025, "y": -352.5, "width": 1416, "height": 583 }
		},
		"All_Shadow": {
			"All_Shadow": { "x": 960, "y": -540, "width": 1922, "height": 1082 }
		}
	}
},
"animations": { "animation": {} }
}