{ "skeleton": { "images": "C:/Users/rkawk/OneDrive/바탕 화면/네오/Back/Hiphop_Subway_최종/포토샵파일/images/" },
"PhotoshopToSpine": { "scale": 1, "padding": 1, "trim": true },
"bones": [
	{ "name": "root" }
],
"slots": [
	{ "name": "Back", "bone": "root", "attachment": "Back" },
	{ "name": "Ground", "bone": "root", "attachment": "Ground" },
	{ "name": "Object_Shadow", "bone": "root", "attachment": "Object_Shadow", "blend": "multiply" },
	{ "name": "Speaker_L_B", "bone": "root", "attachment": "Speaker_L_B" },
	{ "name": "Object", "bone": "root", "attachment": "Object" },
	{ "name": "Speaker_R_Y", "bone": "root", "attachment": "Speaker_R_Y" },
	{ "name": "Speaker_R_G", "bone": "root", "attachment": "Speaker_R_G" },
	{ "name": "Speaker_L_O", "bone": "root", "attachment": "Speaker_L_O" },
	{ "name": "Paint_Can", "bone": "root", "attachment": "Paint_Can" },
	{ "name": "Paint", "bone": "root", "attachment": "Paint" },
	{ "name": "Front", "bone": "root", "attachment": "Front" },
	{ "name": "All_Shadow", "bone": "root", "attachment": "All_Shadow", "blend": "multiply" },
	{ "name": "Pipe", "bone": "root", "attachment": "Pipe" },
	{ "name": "Light", "bone": "root", "attachment": "Light" }
],
"skins": {
	"default": {
		"Back": {
			"Back": { "x": 902, "y": -427, "width": 2128, "height": 904 }
		},
		"Ground": {
			"Ground": { "x": 1006, "y": -588, "width": 2014, "height": 1178 }
		},
		"Object_Shadow": {
			"Object_Shadow": { "x": 987, "y": -647, "width": 1988, "height": 1116 }
		},
		"Speaker_L_B": {
			"Speaker_L_B": { "x": 1512, "y": -376, "width": 208, "height": 124 }
		},
		"Object": {
			"Object": { "x": 980, "y": -600, "width": 1968, "height": 1202 }
		},
		"Speaker_R_Y": {
			"Speaker_R_Y": { "x": 233.5, "y": -365.5, "width": 469, "height": 275 }
		},
		"Speaker_R_G": {
			"Speaker_R_G": { "x": 141.5, "y": -491, "width": 345, "height": 472 }
		},
		"Speaker_L_O": {
			"Speaker_L_O": { "x": 1847.5, "y": -548.5, "width": 309, "height": 379 }
		},
		"Paint_Can": {
			"Paint_Can": { "x": 781.5, "y": -674, "width": 1575, "height": 682 }
		},
		"Paint": {
			"Paint": { "x": 980, "y": -551, "width": 1962, "height": 1104 }
		},
		"Front": {
			"Front": { "x": 986, "y": -1189.5, "width": 1978, "height": 589 }
		},
		"All_Shadow": {
			"All_Shadow": { "x": 1003, "y": -551, "width": 2054, "height": 1156 }
		},
		"Pipe": {
			"Pipe": { "x": 980, "y": -246.5, "width": 1962, "height": 365 }
		},
		"Light": {
			"Light": { "x": 980, "y": -387, "width": 1292, "height": 532 }
		}
	}
},
"animations": { "animation": {} }
}