{"skeleton":{"hash":"EpkDvXnqnLo","spine":"4.2.43","x":-961.5,"y":-226,"width":1978,"height":589,"images":"./images/","audio":"C:/Users/rkawk/OneDrive/바탕 화면/네오/Back/Hiphop_Subway"},"bones":[{"name":"root"},{"name":"Front","parent":"root","x":0.27,"y":-54.84}],"slots":[{"name":"Front","bone":"Front","attachment":"Front"}],"skins":[{"name":"default","attachments":{"Front":{"Front":{"x":27.23,"y":123.34,"width":1978,"height":589}}}}],"animations":{"Front":{"bones":{"Front":{"scale":[{},{"time":0.2667,"x":0.99,"y":0.99},{"time":0.3333,"x":1.01,"y":1.01},{"time":0.6667}]}}}}}