{"skeleton":{"hash":"4K5eb5srnf8","spine":"4.2.43","x":-2082.76,"y":32.56,"width":3604.8,"height":405.6,"images":"./images/","audio":"C:/Users/rkawk/OneDrive/바탕 화면/네오/Back/Hiphop_Subway"},"bones":[{"name":"root"},{"name":"all","parent":"root","x":1449.99,"y":71.66,"scaleX":1.2,"scaleY":1.2},{"name":"Subway","parent":"all","length":203.85,"rotation":-0.55,"x":-393.31,"y":-17.34,"scaleX":2,"scaleY":2},{"name":"Subway2","parent":"all","length":203.85,"rotation":-0.55,"x":-393.31,"y":-17.34,"scaleX":2,"scaleY":2},{"name":"Subway3","parent":"all","length":203.85,"rotation":-0.55,"x":-393.31,"y":-17.34,"scaleX":2,"scaleY":2},{"name":"Subway4","parent":"all","length":203.85,"rotation":-0.55,"x":-393.31,"y":-17.34,"scaleX":2,"scaleY":2},{"name":"Subway5","parent":"all","length":203.85,"rotation":-0.55,"x":-393.31,"y":-17.34,"scaleX":2,"scaleY":2},{"name":"Subway6","parent":"all","length":203.85,"rotation":-0.55,"x":-393.31,"y":-17.34,"scaleX":2,"scaleY":2},{"name":"Subway7","parent":"all","length":203.85,"rotation":-0.55,"x":-393.31,"y":-17.34,"scaleX":2,"scaleY":2},{"name":"Subway8","parent":"all","length":203.85,"rotation":-0.55,"x":-393.31,"y":-17.34,"scaleX":2,"scaleY":2},{"name":"Subway9","parent":"all","length":203.85,"rotation":-0.55,"x":-393.31,"y":-17.34,"scaleX":2,"scaleY":2}],"slots":[{"name":"Subway","bone":"Subway","attachment":"Subway"},{"name":"Subway2","bone":"Subway2","attachment":"Subway"},{"name":"Subway3","bone":"Subway3","attachment":"Subway"},{"name":"Subway4","bone":"Subway4","attachment":"Subway"},{"name":"Subway5","bone":"Subway5","attachment":"Subway"},{"name":"Subway6","bone":"Subway6","attachment":"Subway"},{"name":"Subway7","bone":"Subway7","attachment":"Subway"},{"name":"Subway8","bone":"Subway8","attachment":"Subway"},{"name":"Subway9","bone":"Subway9","attachment":"Subway"}],"skins":[{"name":"default","attachments":{"Subway":{"Subway":{"x":-525.04,"y":71.83,"rotation":0.55,"width":1502,"height":169}},"Subway2":{"Subway":{"x":-525.04,"y":71.83,"rotation":0.55,"width":1502,"height":169}},"Subway3":{"Subway":{"x":-525.04,"y":71.83,"rotation":0.55,"width":1502,"height":169}},"Subway4":{"Subway":{"x":-525.04,"y":71.83,"rotation":0.55,"width":1502,"height":169}},"Subway5":{"Subway":{"x":-525.04,"y":71.83,"rotation":0.55,"width":1502,"height":169}},"Subway6":{"Subway":{"x":-525.04,"y":71.83,"rotation":0.55,"width":1502,"height":169}},"Subway7":{"Subway":{"x":-525.04,"y":71.83,"rotation":0.55,"width":1502,"height":169}},"Subway8":{"Subway":{"x":-525.04,"y":71.83,"rotation":0.55,"width":1502,"height":169}},"Subway9":{"Subway":{"x":-525.04,"y":71.83,"rotation":0.55,"width":1502,"height":169}}}}],"animations":{"Subway":{"bones":{"Subway":{"translate":[{"time":5},{"time":5.5,"x":4946.17,"y":-47.56}]},"Subway2":{"translate":[{"time":5.2667},{"time":5.9333,"x":4946.17,"y":-47.56}]},"Subway3":{"translate":[{"time":5.5333},{"time":6.2,"x":4946.17,"y":-47.56}]},"Subway4":{"translate":[{"time":5.8},{"time":6.4667,"x":4946.17,"y":-47.56}]},"Subway5":{"translate":[{"time":6.0667},{"time":6.7333,"x":4946.17,"y":-47.56}]},"Subway6":{"translate":[{"time":6.3333},{"time":7,"x":4946.17,"y":-47.56}]},"Subway7":{"translate":[{"time":6.6},{"time":7.2667,"x":4946.17,"y":-47.56}]},"Subway8":{"translate":[{"time":6.8667},{"time":7.5333,"x":4946.17,"y":-47.56}]},"Subway9":{"translate":[{"time":7.1333},{"time":7.8,"x":4946.17,"y":-47.56,"curve":"stepped"},{"time":30,"x":4946.17,"y":-47.56}]}}}}}