{"skeleton":{"hash":"07D2B9Dlo68","spine":"4.2.43","x":-50.29,"y":51.71,"width":44,"height":37,"images":"./images/","audio":"C:/Users/rkawk/OneDrive/바탕 화면/네오/Back/Hiphop_Bridge"},"bones":[{"name":"root"},{"name":"Sparkle","parent":"root","x":0.78,"y":53.55}],"slots":[{"name":"Sparkle1","bone":"Sparkle","attachment":"Sparkle1"}],"skins":[{"name":"default","attachments":{"Sparkle1":{"Sparkle1":{"x":-29.08,"y":16.66,"width":44,"height":37},"Sparkle2":{"x":-1.08,"y":39.16,"width":16,"height":19},"Sparkle3":{"x":40.92,"y":18.66,"width":47,"height":49},"Sparkle4":{"x":-4.08,"y":-15.34,"width":22,"height":27}}}}],"animations":{"Sparkle":{"slots":{"Sparkle1":{"rgba":[{"color":"ffffff00","curve":"stepped"},{"time":0.1667,"color":"ffffff00"},{"time":0.2,"color":"ffffffff","curve":"stepped"},{"time":0.4333,"color":"ffffffff"},{"time":0.6667,"color":"ffffff00","curve":"stepped"},{"time":3.6667,"color":"ffffff00"}],"attachment":[{"time":0.2,"name":"Sparkle4"},{"time":0.3,"name":"Sparkle1"},{"time":0.3667,"name":"Sparkle3"},{"time":0.4333,"name":"Sparkle2"}]}},"bones":{"Sparkle":{"translate":[{"time":0.3333},{"time":0.6667,"x":25.9,"y":24.79}],"scale":[{},{"time":0.2,"x":0.5,"y":0.307},{"time":0.3}]}}}}}