{ "skeleton": { "images": "C:/Users/rkawk/OneDrive/바탕 화면/네오/Back/Hiphop_Bridge_수정/images/" },
"PhotoshopToSpine": { "scale": 1, "padding": 1, "trim": true },
"bones": [
	{ "name": "root" }
],
"slots": [
	{ "name": "Back", "bone": "root", "attachment": "Back" },
	{ "name": "Back_Object", "bone": "root", "attachment": "Back_Object" },
	{ "name": "Ground", "bone": "root", "attachment": "Ground" },
	{ "name": "Speaker_R", "bone": "root", "attachment": "Speaker_R" },
	{ "name": "Speaker_L", "bone": "root", "attachment": "Speaker_L" },
	{ "name": "Pillar", "bone": "root", "attachment": "Pillar" },
	{ "name": "Screen", "bone": "root", "attachment": "Screen", "blend": "screen" },
	{ "name": "Pipe", "bone": "root", "attachment": "Pipe" },
	{ "name": "Pipe_Water1", "bone": "root", "attachment": "Pipe_Water1" },
	{ "name": "Pipe_Water2", "bone": "root", "attachment": "Pipe_Water2" },
	{ "name": "Sparkle1", "bone": "root", "attachment": "Sparkle1" },
	{ "name": "Sparkle2", "bone": "root", "attachment": "Sparkle2" },
	{ "name": "Sparkle3", "bone": "root", "attachment": "Sparkle3" },
	{ "name": "Sparkle4", "bone": "root", "attachment": "Sparkle4" },
	{ "name": "trash1", "bone": "root", "attachment": "trash1" },
	{ "name": "trash_B", "bone": "root", "attachment": "trash_B" },
	{ "name": "trash_B4", "bone": "root", "attachment": "trash_B4" },
	{ "name": "trash_B3", "bone": "root", "attachment": "trash_B3" },
	{ "name": "trash_B2", "bone": "root", "attachment": "trash_B2" },
	{ "name": "trash_B1", "bone": "root", "attachment": "trash_B1" },
	{ "name": "trash_Bug", "bone": "root", "attachment": "trash_Bug" },
	{ "name": "Speaker", "bone": "root", "attachment": "Speaker" },
	{ "name": "66", "bone": "root", "attachment": "66" },
	{ "name": "55", "bone": "root", "attachment": "55" },
	{ "name": "55_Hat", "bone": "root", "attachment": "55_Hat" },
	{ "name": "44", "bone": "root", "attachment": "44" },
	{ "name": "333_S_B", "bone": "root", "attachment": "333_S_B" },
	{ "name": "33", "bone": "root", "attachment": "33" },
	{ "name": "33_S", "bone": "root", "attachment": "33_S" },
	{ "name": "11", "bone": "root", "attachment": "11" },
	{ "name": "trash2", "bone": "root", "attachment": "trash2" },
	{ "name": "fly1_line", "bone": "root", "attachment": "fly1_line" },
	{ "name": "fly1", "bone": "root", "attachment": "fly1" },
	{ "name": "fly2_line", "bone": "root", "attachment": "fly2_line" },
	{ "name": "fly2", "bone": "root", "attachment": "fly2" },
	{ "name": "Paint", "bone": "root", "attachment": "Paint" },
	{ "name": "Mattress", "bone": "root", "attachment": "Mattress" },
	{ "name": "Front_R", "bone": "root", "attachment": "Front_R" },
	{ "name": "Front_L", "bone": "root", "attachment": "Front_L" },
	{ "name": "All_Shadow", "bone": "root", "attachment": "All_Shadow", "blend": "multiply" },
	{ "name": "Pipe_Light_R", "bone": "root", "attachment": "Pipe_Light_R" },
	{ "name": "Pipe_Light_L", "bone": "root", "attachment": "Pipe_Light_L" }
],
"skins": {
	"default": {
		"Back": {
			"Back": { "x": 980, "y": -560, "width": 1962, "height": 1122 }
		},
		"Back_Object": {
			"Back_Object": { "x": 1079, "y": -269, "width": 1764, "height": 434 }
		},
		"Ground": {
			"Ground": { "x": 980, "y": -758.5, "width": 1962, "height": 725 }
		},
		"Speaker_R": {
			"Speaker_R": { "x": 118.5, "y": -269, "width": 267, "height": 296 }
		},
		"Speaker_L": {
			"Speaker_L": { "x": 1870.5, "y": -287.5, "width": 187, "height": 307 }
		},
		"Pillar": {
			"Pillar": { "x": 980, "y": -216.5, "width": 2468, "height": 435 }
		},
		"Screen": {
			"Screen": { "x": 980, "y": -304.5, "width": 1962, "height": 461 }
		},
		"Pipe": {
			"Pipe": { "x": 980, "y": -255.5, "width": 1962, "height": 383 }
		},
		"Pipe_Water1": {
			"Pipe_Water1": { "x": 1158, "y": -170, "width": 24, "height": 22 }
		},
		"Pipe_Water2": {
			"Pipe_Water2": { "x": 1175, "y": -186, "width": 40, "height": 18 }
		},
		"Sparkle1": {
			"Sparkle1": { "x": 750, "y": -433.5, "width": 44, "height": 37 }
		},
		"Sparkle2": {
			"Sparkle2": { "x": 727, "y": -405.5, "width": 16, "height": 19 }
		},
		"Sparkle3": {
			"Sparkle3": { "x": 752.5, "y": -385.5, "width": 47, "height": 49 }
		},
		"Sparkle4": {
			"Sparkle4": { "x": 790, "y": -403.5, "width": 22, "height": 27 }
		},
		"trash1": {
			"trash1": { "x": 174.5, "y": -402, "width": 313, "height": 370 }
		},
		"trash_B": {
			"trash_B": { "x": 87.5, "y": -209.5, "width": 79, "height": 85 }
		},
		"trash_B4": {
			"trash_B4": { "x": 166, "y": -197.5, "width": 74, "height": 75 }
		},
		"trash_B3": {
			"trash_B3": { "x": 218.5, "y": -249, "width": 71, "height": 88 }
		},
		"trash_B2": {
			"trash_B2": { "x": 235.5, "y": -536, "width": 77, "height": 100 }
		},
		"trash_B1": {
			"trash_B1": { "x": 269.5, "y": -507.5, "width": 17, "height": 15 }
		},
		"trash_Bug": {
			"trash_Bug": { "x": 295.5, "y": -568.5, "width": 29, "height": 21 }
		},
		"Speaker": {
			"Speaker": { "x": 1515, "y": -386, "width": 262, "height": 170 }
		},
		"66": {
			"66": { "x": 107.5, "y": -544, "width": 207, "height": 240 }
		},
		"55": {
			"55": { "x": 504.5, "y": -361.5, "width": 235, "height": 217 }
		},
		"55_Hat": {
			"55_Hat": { "x": 544.5, "y": -296.5, "width": 113, "height": 61 }
		},
		"44": {
			"44": { "x": 1752, "y": -338.5, "width": 198, "height": 259 }
		},
		"333_S_B": {
			"333_S_B": { "x": 1777.5, "y": -236.5, "width": 81, "height": 97 }
		},
		"33": {
			"33": { "x": 1819, "y": -449, "width": 284, "height": 498 }
		},
		"33_S": {
			"33_S": { "x": 1736, "y": -258, "width": 168, "height": 188 }
		},
		"11": {
			"11": { "x": 1109, "y": -375.5, "width": 176, "height": 155 }
		},
		"trash2": {
			"trash2": { "x": 1863, "y": -450, "width": 196, "height": 232 }
		},
		"fly1_line": {
			"fly1_line": { "x": 1912.5, "y": -320.5, "width": 57, "height": 23 }
		},
		"fly1": {
			"fly1": { "x": 1882, "y": -300, "width": 14, "height": 12 }
		},
		"fly2_line": {
			"fly2_line": { "x": 1912, "y": -302.5, "width": 52, "height": 17 }
		},
		"fly2": {
			"fly2": { "x": 1938, "y": -316.5, "width": 16, "height": 11 }
		},
		"Paint": {
			"Paint": { "x": 1020, "y": -702.5, "width": 1882, "height": 277 }
		},
		"Mattress": {
			"Mattress": { "x": 173.5, "y": -790, "width": 349, "height": 352 }
		},
		"Front_R": {
			"Front_R": { "x": 156.5, "y": -1142, "width": 475, "height": 590 }
		},
		"Front_L": {
			"Front_L": { "x": 1872.5, "y": -1198.5, "width": 543, "height": 709 }
		},
		"All_Shadow": {
			"All_Shadow": { "x": 979, "y": -560, "width": 2052, "height": 1202 }
		},
		"Pipe_Light_R": {
			"Pipe_Light_R": { "x": 574, "y": -387, "width": 480, "height": 532 }
		},
		"Pipe_Light_L": {
			"Pipe_Light_L": { "x": 1386, "y": -387, "width": 480, "height": 532 }
		}
	}
},
"animations": { "animation": {} }
}