{"skeleton":{"hash":"rKZGckdfuxQ","spine":"4.2.43","x":-1027,"y":2,"width":2054,"height":1156,"images":"./images/","audio":"C:/Users/rkawk/OneDrive/바탕 화면/네오/Back/Hiphop_Subway"},"bones":[{"name":"root"},{"name":"All_Shadow","parent":"root","y":580,"scaleX":2,"scaleY":2}],"slots":[{"name":"All_Shadow","bone":"All_Shadow","attachment":"All_Shadow","blend":"multiply"}],"skins":[{"name":"default","attachments":{"All_Shadow":{"All_Shadow":{"width":1027,"height":578}}}}],"animations":{"All_Shadow":{"slots":{"All_Shadow":{"rgba":[{"color":"ffffffff"}]}}}}}