{"skeleton":{"hash":"NG8BapehVAE","spine":"4.2.43","x":-1026,"y":-1,"width":2052,"height":1202,"images":"./images/","audio":"C:/Users/rkawk/OneDrive/바탕 화면/네오/Back/Hiphop_Bridge"},"bones":[{"name":"root"},{"name":"All_Shadow","parent":"root","y":600,"scaleX":2,"scaleY":2}],"slots":[{"name":"All_Shadow","bone":"All_Shadow","attachment":"All_Shadow","blend":"multiply"}],"skins":[{"name":"default","attachments":{"All_Shadow":{"All_Shadow":{"width":1026,"height":601}}}}],"animations":{"All_Shadow":{"slots":{"All_Shadow":{"rgba":[{"color":"ffffffff"}]}}}}}