{"skeleton":{"hash":"AHW0ib4vm3Y","spine":"4.2.43","x":-989.85,"y":8.32,"width":1962,"height":461,"images":"./images/","audio":"C:/Users/rkawk/OneDrive/바탕 화면/네오/Back/Hiphop_Bridge"},"bones":[{"name":"root"},{"name":"Screen","parent":"root","y":60}],"slots":[{"name":"Screen","bone":"Screen","attachment":"Screen","blend":"screen"}],"skins":[{"name":"default","attachments":{"Screen":{"Screen":{"x":-8.85,"y":178.82,"width":1962,"height":461}}}}],"animations":{"Screen":{"slots":{"Screen":{"rgba":[{"color":"ffffffff"}]}}}}}