{"skeleton":{"hash":"A7RTyzbbEOs","spine":"4.2.43","x":-713,"y":25.98,"width":1416,"height":583,"images":"./images/","audio":"C:/Users/rkawk/OneDrive/바탕 화면/네오/Back/Hiphop_Subway"},"bones":[{"name":"root"},{"name":"Light","parent":"root","x":-20.45,"y":444.11}],"slots":[{"name":"Light","bone":"Light","attachment":"Light"}],"skins":[{"name":"default","attachments":{"Light":{"Light":{"x":15.45,"y":-126.62,"width":1292,"height":532}}}}],"animations":{"Light":{"slots":{"Light":{"rgba":[{"color":"ffffffff"},{"time":3,"color":"ffffff3c"},{"time":6,"color":"ffffffff"}]}}}}}