{"skeleton":{"hash":"4DTl3N+KAIA","spine":"4.2.43","x":4,"y":-664,"width":207,"height":240,"images":"./images/","audio":"./audio"},"bones":[{"name":"root"},{"name":"Speaker_Red","parent":"root","length":74.29,"rotation":92.6,"x":110.74,"y":-653.23}],"slots":[{"name":"66","bone":"Speaker_Red","attachment":"66"}],"skins":[{"name":"default","attachments":{"66":{"66":{"x":109.27,"y":-1.72,"rotation":-92.6,"width":207,"height":240}}}}],"animations":{"Speaker_Red":{"bones":{"Speaker_Red":{"scale":[{},{"time":0.4333,"x":0.997,"y":0.997},{"time":0.5,"x":1.003,"y":1.003},{"time":1}]}}}}}