{"skeleton":{"hash":"WHLCCA5SNLA","spine":"4.2.43","x":-87.87,"y":17.49,"width":208,"height":124,"images":"./images/","audio":"C:/Users/rkawk/OneDrive/바탕 화면/네오/Back/Hiphop_Subway"},"bones":[{"name":"root"},{"name":"Speaker_L_B","parent":"root","length":45.7,"rotation":90,"x":-0.33,"y":21.98}],"slots":[{"name":"Speaker_L_B","bone":"Speaker_L_B","attachment":"Speaker_L_B"}],"skins":[{"name":"default","attachments":{"Speaker_L_B":{"Speaker_L_B":{"x":57.51,"y":-16.45,"rotation":-90,"width":208,"height":124}}}}],"animations":{"Speaker_L_B":{"bones":{"Speaker_L_B":{"scale":[{},{"time":0.2667,"x":0.99,"y":1.01},{"time":0.3333,"x":1.01,"y":0.99},{"time":0.6667}]}}}}}