{ "skeleton": { "images": "C:/Users/rkawk/OneDrive/바탕 화면/네오/Back/Hiphop_Bridge/images/" },
"PhotoshopToSpine": { "scale": 1, "padding": 1, "trim": true },
"bones": [
	{ "name": "root" }
],
"slots": [
	{ "name": "Back", "bone": "root", "attachment": "Back" },
	{ "name": "Speaker_B_L", "bone": "root", "attachment": "Speaker_B_L" },
	{ "name": "Speaker_B_R2", "bone": "root", "attachment": "Speaker_B_R2" },
	{ "name": "Bridge", "bone": "root", "attachment": "Bridge" },
	{ "name": "Speaker_B_R1", "bone": "root", "attachment": "Speaker_B_R1" },
	{ "name": "Pipe", "bone": "root", "attachment": "Pipe" },
	{ "name": "Cable", "bone": "root", "attachment": "Cable" },
	{ "name": "Sparkle1", "bone": "root", "attachment": "Sparkle1" },
	{ "name": "Sparkle2", "bone": "root", "attachment": "Sparkle2" },
	{ "name": "Sparkle3", "bone": "root", "attachment": "Sparkle3" },
	{ "name": "Sparkle4", "bone": "root", "attachment": "Sparkle4" },
	{ "name": "Speaker_M_R", "bone": "root", "attachment": "Speaker_M_R" },
	{ "name": "Speaker_M_L4", "bone": "root", "attachment": "Speaker_M_L4" },
	{ "name": "Speaker_M_L3", "bone": "root", "attachment": "Speaker_M_L3" },
	{ "name": "Speaker_M_L2", "bone": "root", "attachment": "Speaker_M_L2" },
	{ "name": "Speaker_M_L1", "bone": "root", "attachment": "Speaker_M_L1" },
	{ "name": "Trash", "bone": "root", "attachment": "Trash" },
	{ "name": "Trash_Bird_B", "bone": "root", "attachment": "Trash_Bird_B" },
	{ "name": "Trash_Bird_B_Hat", "bone": "root", "attachment": "Trash_Bird_B_Hat" },
	{ "name": "Trash_Bird_T", "bone": "root", "attachment": "Trash_Bird_T" },
	{ "name": "Bug", "bone": "root", "attachment": "Bug" },
	{ "name": "Bird_F", "bone": "root", "attachment": "Bird_F" },
	{ "name": "Bird_F_Beak2", "bone": "root", "attachment": "Bird_F_Beak2" },
	{ "name": "Bird_F_Beak1", "bone": "root", "attachment": "Bird_F_Beak1" },
	{ "name": "Paint", "bone": "root", "attachment": "Paint" },
	{ "name": "Speaker_F", "bone": "root", "attachment": "Speaker_F" },
	{ "name": "Light_L", "bone": "root", "attachment": "Light_L" },
	{ "name": "Light_R", "bone": "root", "attachment": "Light_R" },
	{ "name": "All_Shadow", "bone": "root", "attachment": "All_Shadow", "blend": "multiply" }
],
"skins": {
	"default": {
		"Back": {
			"Back": { "x": 1025, "y": -600, "width": 2052, "height": 1202 }
		},
		"Speaker_B_L": {
			"Speaker_B_L": { "x": 1532, "y": -289.5, "width": 320, "height": 279 }
		},
		"Speaker_B_R2": {
			"Speaker_B_R2": { "x": 711, "y": -296.5, "width": 226, "height": 257 }
		},
		"Bridge": {
			"Bridge": { "x": 1025, "y": -229, "width": 3068, "height": 460 }
		},
		"Speaker_B_R1": {
			"Speaker_B_R1": { "x": 336, "y": -346, "width": 306, "height": 282 }
		},
		"Pipe": {
			"Pipe": { "x": 1025, "y": -242.5, "width": 2172, "height": 477 }
		},
		"Cable": {
			"Cable": { "x": 1025, "y": -288.5, "width": 2052, "height": 345 }
		},
		"Sparkle1": {
			"Sparkle1": { "x": 728.5, "y": -436.5, "width": 15, "height": 19 }
		},
		"Sparkle2": {
			"Sparkle2": { "x": 756.5, "y": -414, "width": 51, "height": 52 }
		},
		"Sparkle3": {
			"Sparkle3": { "x": 798.5, "y": -434.5, "width": 23, "height": 29 }
		},
		"Sparkle4": {
			"Sparkle4": { "x": 753.5, "y": -468.5, "width": 47, "height": 39 }
		},
		"Speaker_M_R": {
			"Speaker_M_R": { "x": 490, "y": -419, "width": 298, "height": 262 }
		},
		"Speaker_M_L4": {
			"Speaker_M_L4": { "x": 1270.5, "y": -384.5, "width": 217, "height": 191 }
		},
		"Speaker_M_L3": {
			"Speaker_M_L3": { "x": 1917, "y": -356, "width": 270, "height": 350 }
		},
		"Speaker_M_L2": {
			"Speaker_M_L2": { "x": 1623, "y": -421.5, "width": 322, "height": 219 }
		},
		"Speaker_M_L1": {
			"Speaker_M_L1": { "x": 1939.5, "y": -563, "width": 271, "height": 418 }
		},
		"Trash": {
			"Trash": { "x": 148.5, "y": -507.5, "width": 469, "height": 555 }
		},
		"Trash_Bird_B": {
			"Trash_Bird_B": { "x": 213, "y": -279, "width": 104, "height": 128 }
		},
		"Trash_Bird_B_Hat": {
			"Trash_Bird_B_Hat": { "x": 238, "y": -233, "width": 56, "height": 36 }
		},
		"Trash_Bird_T": {
			"Trash_Bird_T": { "x": 136, "y": -202.5, "width": 108, "height": 109 }
		},
		"Bug": {
			"Bug": { "x": 312, "y": -752.5, "width": 38, "height": 27 }
		},
		"Bird_F": {
			"Bird_F": { "x": 231, "y": -716.5, "width": 100, "height": 133 }
		},
		"Bird_F_Beak2": {
			"Bird_F_Beak2": { "x": 277.5, "y": -682.5, "width": 23, "height": 13 }
		},
		"Bird_F_Beak1": {
			"Bird_F_Beak1": { "x": 277.5, "y": -674.5, "width": 23, "height": 11 }
		},
		"Paint": {
			"Paint": { "x": 1013, "y": -869.5, "width": 1922, "height": 219 }
		},
		"Speaker_F": {
			"Speaker_F": { "x": 1076.5, "y": -1238.5, "width": 2225, "height": 709 }
		},
		"Light_L": {
			"Light_L": { "x": 1470, "y": -458.5, "width": 526, "height": 583 }
		},
		"Light_R": {
			"Light_R": { "x": 580, "y": -458.5, "width": 526, "height": 583 }
		},
		"All_Shadow": {
			"All_Shadow": { "x": 1024, "y": -600, "width": 2052, "height": 1202 }
		}
	}
},
"animations": { "animation": {} }
}