{"skeleton":{"hash":"jXbKjducXPc","spine":"4.2.43","x":-981,"y":11.59,"width":1962,"height":383,"images":"./images/","audio":"C:/Users/rkawk/OneDrive/바탕 화면/네오/Back/Hiphop_Bridge"},"bones":[{"name":"root"},{"name":"Pipe","parent":"root","y":203.09},{"name":"Pipe_Water1","parent":"root","x":167.93,"y":281.28},{"name":"Pipe_Water2","parent":"root","x":196.05,"y":274.38}],"slots":[{"name":"Pipe","bone":"Pipe","attachment":"Pipe"},{"name":"Pipe_Water1","bone":"Pipe_Water1","attachment":"Pipe_Water1"},{"name":"Pipe_Water2","bone":"Pipe_Water2","attachment":"Pipe_Water2"}],"skins":[{"name":"default","attachments":{"Pipe":{"Pipe":{"width":1962,"height":383}},"Pipe_Water1":{"Pipe_Water1":{"x":8.72,"y":8,"width":24,"height":22}},"Pipe_Water2":{"Pipe_Water2":{"x":-3.88,"y":-1.48,"width":40,"height":18}}}}],"animations":{"Pipe":{"slots":{"Pipe_Water1":{"rgba":[{"color":"ffffff00","curve":"stepped"},{"time":0.3333,"color":"ffffff00"},{"time":1.1,"color":"ffffffff"},{"time":1.4333,"color":"ffffff00","curve":"stepped"},{"time":4.3333,"color":"ffffff00"}]},"Pipe_Water2":{"rgba":[{"color":"ffffff00","curve":"stepped"},{"time":0.2,"color":"ffffff00"},{"time":1,"color":"ffffffff"},{"time":1.3333,"color":"ffffff00"}]}},"bones":{"Pipe_Water2":{"translate":[{"x":-20.52,"y":0.87},{"time":0.3333}],"scale":[{"x":0.023},{"time":0.3333}]},"Pipe_Water1":{"scale":[{"x":0.03,"curve":"stepped"},{"time":0.1333,"x":0.03},{"time":0.4667}]}}}}}